Goku,10,3000,350,400,5,6,TRUE
Kamehameha,Maximum Charge
Super Kamehameha,Spirit Bomb
Gohan (Kid),6,1500,200,150,5,5,TRUE
Masenko,Maximum Charge
Explosive Assault
Krillin,5,1400,150,200,4,5,TRUE
Kamehameha,Destructo Disc
Scatter-Kamehameha
Yamcha,3,1250,150,100,3,4,TRUE
Ki Blast Thrust,Kamehameha
Spirit Ball
Tien,5,1450,200,100,6,3,TRUE
Dodon Ray,Tri-Beam
Neo Tri-Beam
Piccolo,7,1750,200,200,4,6,TRUE
Maximum Charge,Evil Explosion,Masenko
Special Beam Cannon
Raditz,3,1200,200,50,4,3,TRUE
Double Sunday,Shining Friday
Weekend,Vacation Delete
Nappa,8,2000,200,200,6,4,TRUE
Bomber DX,Maximum Charge
Break Cannon,Giant Storm
Vegeta,10,3000,400,350,6,5,TRUE
Maximum Charge,Galick Gun,Shine Shot
Final Flash
Saibaman,2,1050,50,50,3,3,FALSE
Saibabeam

Tennenmen,1,1000,50,50,3,3,FALSE
Saibabeam

Jinkoumen,2,1100,50,50,3,3,FALSE
Saibabeam

Raspberry,3,1200,150,50,3,4,FALSE
Beam Rifle

Navel,2,1250,200,50,3,4,FALSE
Beam Rifle

Monre,3,1300,150,50,3,4,FALSE
Beam Rifle

Ramon,3,1200,150,100,3,3,FALSE
Energy Shot

Orlen,2,1300,150,50,3,4,FALSE
Energy Shot

